hour,avg
0,8.127272727
1,11.38333333
2,23.81034483
3,7.796296296
4,7.170212766
5,10.08695652
6,9.022727273
7,7.852941176
8,10.25
9,5.577777778
10,13.44067797
11,11.05172414
12,9.410958904
13,14.74117647
14,13.23364486
15,38.59482759
16,16.7962963
17,11.46
18,13.20183486
19,10.8
20,21.525
21,16.00917431
22,6.746478873
23,7.985294118