hour,avg
0,27.07692308
1,23.072
2,27.78684807
3,26.82555283
4,24.12555066
5,25.17525773
6,21.35784314
7,26.80803571
8,27.02620968
9,27.58801498
10,26.61252115
11,29.59393939
12,30.34727503
13,30.89651416
14,32.3308977
15,29.51923077
16,25.3941871
17,27.99572284
18,26.92435424
19,26.70102041
20,23.13940724
21,23.60983982
22,23.2651715
23,24.61721068