hour,avg
0,37.83870968
1,25
2,11.33333333
3,25.14814815
4,14.84615385
5,5.473684211
6,23.4375
7,19
8,15.26470588
9,18.43333333
10,18.91666667
11,33.63636364
12,41.68852459
13,24.62626263
14,25.43023256
15,28.56410256
16,28.32258065
17,27.10752688
18,36.31147541
19,30.94545455
20,30.31666667
21,18.42553191
22,40.34782609
23,42.38888889